<?xml version="1.0" encoding="UTF-8"?>
<project-private xmlns="http://www.netbeans.org/ns/project-private/1">
    <editor-bookmarks xmlns="http://www.netbeans.org/ns/editor-bookmarks/2" lastBookmarkId="0"/>
    <open-files xmlns="http://www.netbeans.org/ns/projectui-open-files/2">
        <group>
            <file>file:/C:/Users/henry/OneDrive/Documents/NetBeansProjects/BloodTests/src/bloodtests/NoShowTracker.java</file>
            <file>file:/C:/Users/henry/OneDrive/Documents/NetBeansProjects/BloodTests/src/bloodtests/BloodTests.java</file>
            <file>file:/C:/Users/henry/OneDrive/Documents/NetBeansProjects/BloodTests/src/bloodtests/Patient.java</file>
            <file>file:/C:/Users/henry/OneDrive/Documents/NetBeansProjects/BloodTests/src/bloodtests/PatientComparator.java</file>
            <file>file:/C:/Users/henry/OneDrive/Documents/NetBeansProjects/BloodTests/src/bloodtests/MyPriorityQueue.java</file>
            <file>file:/C:/Users/henry/OneDrive/Documents/NetBeansProjects/BloodTests/src/bloodtests/ManagerGUI.java</file>
            <file>file:/C:/Users/henry/OneDrive/Documents/NetBeansProjects/BloodTests/src/bloodtests/RegisterGUI.java</file>
        </group>
    </open-files>
</project-private>
